manufacturerID,organizationName,company,registered
0,ESTA,ESTA,True
0,PLASA,PLASA,True
1,,GEE,True
2,,Abstract AVR Ltd.,True
3,,"Chromatech Lighting Co., Ltd.",True
8,,"Guangdong Nanguang Photo & Video Systems Co., Ltd.",True
9,,"Aputure Imaging Industries Co., Ltd.",True
10,,Interactive Imagination Ltd.,True
11,,Phospec Industries Inc.,True
12,,WAC Lighting Co.,True
13,,"Guangzhou Haoteng Lighting Co., Ltd.",True
14,,"Yaoxing Lighting Equipment  (Guanghzou）Co., Ltd.",True
15,,"Shenzhen L-Thinker Technology Co., Ltd.",True
16,,"Dongguan Mi Xing Electronic Technology Co., Ltd.",True
17,,"Beijing Kedeshengye Technology Service Co., Ltd.",True
18,,"Apex Pro Light Co., Ltd.",True
19,,Litemover BV,True
20,,"SIRS Electronics, Inc.",True
21,,Lumencraft Lighting Solutions,True
22,,"Shenzhen Xuntek Electronics Co., Ltd",True
23,,Ereimul,True
24,,"Macroblock, Inc.",True
25,,"Odelic Co., Ltd.",True
26,,DLL Ltd.,True
27,,Changsha Sunrise Electronic Technology Co. Ltd.,True
28,,Kindwin Technology (HK) Ltd.,True
29,,Luminator Technology Group,True
30,,Shenzhen Lumi Lime Technology Limited,True
32,,Wattle IT,True
33,,Electric Foundry Ltd.,True
34,,"PixelFLEX, LLC",True
87,,"Blackbezt Lighting Technology Co., Ltd.",True
88,,"Big Dipper Laser Science and Technology Co.,Ltd.",True
89,,"Laysion Lighting Technology Co., Ltd.",True
90,,TPD Lighting,True
106,,AIMTECH Electronik Tasarim Ltd. Sti.,True
107,,SALZBRENNER media GmbH,True
108,,Flash-Butrym Sp.J.,True
109,,AA Tasarim Ltd.,True
110,,WHITEvoid GmbH,True
111,,AC Power Distribution/ACT Lighting Inc.,True
112,,Instalighting GmbH,True
113,,"Guangzhou Huaxinyuan Electronics Co., Ltd.",True
114,,"Guangzhou Zenith Aurora Lighting Co., Ltd.",True
115,,"Meijay Technologies Co., Ltd.",True
116,,Thomann GmbH,True
117,,ODELI,True
118,,R. S. Schwarze Elektrotechnik Moderne Industrieelektronik GmbH,True
119,,CHAMP Licht,True
120,,Andy Lighting Technology Group Ltd.,True
121,,"Leyard Opto Electronics Co., Ltd.",True
122,,Equivalent,True
123,,alurays lighting technology GmbH,True
124,,"Huizhou Desay Intelligent Technology Co., Ltd.",True
125,,JMS Pro Light,True
126,,Stichting Hypar Collective,True
128,,"Shenzhen AOTO Electronics Co., Ltd.",True
129,,Pino Solutions,True
130,,LKE Lasershowtechnik GmbH,True
131,,"Guangzhou Bright Moon Technology Co., Ltd.",True
132,,LEDIXIS (Exalux brand),True
133,,"Guangzhou Nanshi Light Equipment Co., Ltd.",True
134,,"Intella System Co., Ltd.",True
135,,LMBD,True
136,,"Guangzhou YaFeng Optoelectronic Equipment Co., Ltd.",True
137,,Vulcan Lighting,True
138,,"Guangzhou Lees Electronics Co., Ltd.",True
139,,Opto Tech Corporation,True
140,,LRX Lighting (Dwight Crane Ltd.),True
141,,"Guangzhou Minghao Electronic Technology Co., Ltd.",True
142,,"Guangzhou Ao Mei Di Stage Lighting Equipment Co.,Ltd.",True
143,,"Jiangmen Coolfish Technology Co., Ltd.",True
144,,Cyclops Lighting,True
145,,"Guangzhou Shuozhi Optoelectronic Technology Co., Ltd. (Konelite)",True
146,,digiLED (UK) Ltd.,True
147,LUMINOUS,Luminous Show Technology Ltd.,True
148,,"Joinmax Display Technology Co., Ltd.",True
149,,"Ningbo Jeg Lighting Tech Co., Ltd.",True
150,,"SiChuan YuZhiWei Information Technology Lt., Co.",True
151,,"AdvancedRay (Beijing) Science & Technology Industries Co., Ltd.",True
152,,Dedo Weigert Film GmbH,True
154,,Golden Sea Disco Light Manufacturer,True
155,,"Guangzhou Jiawei Electronic Technology Co., Ltd.",True
156,,LuxBalance Lighting,True
158,,"Guangzhou Flying Butterfly Stage Lighting Equipment Co., Ltd.",True
159,,Enedo Power SpA,True
160,,"Shenzhen Dicolor Optoelectronics Co., Ltd.",True
161,,Creative Lighting And Sound Systems Pty Ltd.,True
162,,EMP Designs Ltd.,True
163,,"GuangZhou Huanshi Lighting Equipment Co., Limited",True
164,,SAKMA Electronica Industrial S.A.U.,True
165,,"Delta Electronics, Inc.",True
166,,"Sensation Lighting Technology Co., Ltd.",True
167,,Syncronorm GmbH,True
168,,"Iwasaki Electric Co., Ltd.",True
169,,Richter Lighting Technologies GmbH,True
170,,"Hangzhou Easun Technology Co., Ltd.",True
171,,"MFX Asia Co., Ltd",True
172,,ZhouChuang Industrial Co. Limited,True
173,,ColorDeve Co. Limited,True
174,,Vitrulux Ltd,True
175,,NanoPLC LLC,True
176,,ARENA LUCI s.r.l.,True
177,,"Guangzhou Omarte Lighting Co., Ltd.",True
178,,unonovesette srl,True
179,,LANTERN,True
180,,Lumos Design,True
181,,"Suga koubou Co., Ltd.",True
182,,DiGidot Technologies BV,True
183,,Bron Elektronik AG,True
184,,"Shenzhen Singba Light Technology Co., Ltd.",True
185,,Guangzhou Baiyun District Sanjie Eletronic Stage Lighting Audio Equipment Factory,True
186,,LiteGear Inc.,True
187,,"Digital Lighting Engineering & Design, LLC",True
188,,Ambion GmbH (Ambrain),True
189,,numeo GmbH,True
190,,The Light Luminary for Cine and TV S.L. (VELVET LIGHT),True
191,,LumiOS (GTR Industries),True
192,,"Foshan Yinhe Lanjing Lighting & Electrical Co., Ltd.",True
193,,Jingchuang Water Technology,True
194,,Ledogen,True
195,,Xicato,True
196,,Guangzhou Dahe Electronic Technology Co. Ltd.,True
197,,"DAGE Stage Lighting Master Co., Ltd.",True
198,,"Guangzhou Lantian Electronic Technology Co., Ltd.",True
199,,THOR,True
200,,Constell8 NV,True
201,,Pangaea Technology,True
257,,St. Anne Engineering GmbH,True
258,,Bortis Elektronik,True
259,,Fontana Technologies,True
260,,"Blizzard Lighting, LLC",True
261,,LIGHTHOW (SHANGHAI) Ltd.,True
262,,A.L.A. Equipment Company Ltd.,True
263,,"Inventronics (Hangzhou), Inc.",True
264,,Haya Lighting Equipment Limited,True
265,,V-Productions,True
266,,Elektralite,True
267,,"DesignLED Technology (HK) Co., Ltd.",True
268,,SES (Entertainment Services) Ltd.,True
269,,Lumos / DMLite,True
270,,"Guangzhou ATON Lighting Technology Co.,Ltd",True
271,,Saco Technologies Inc.,True
272,,APF S.r.l.,True
273,,Radig Hard & Software,True
274,,"RGB Lighting Equipment  Co., Ltd.",True
275,,Airstar SAS,True
276,,BSL Lighting,True
277,,Kontrolcla Show Control S.L.,True
278,,SmoothLUX B.V.,True
279,,"AD Toyo Lighting (Guangzhou) Co.,Ltd",True
280,,"Vello Light Co., Ltd.",True
281,,Peter Schneyder Design Management GmbH,True
282,,"Guangzhou Hotion Technology Co., Ltd.",True
283,,Jumptronic GmbH,True
284,,"Letong Electronic (Guangzhou) Co., Ltd.",True
285,,"Yangzhou Zhituo Lighting Vision Technology Co., Ltd.",True
286,,Master LED,True
287,,STF s.r.l.,True
364,,LGR,True
365,,Hive Lighting,True
366,,Artled Technology Corp.,True
367,,SQD  Lighting Co. Ltd,True
399,,Guangzhou YiCheng Light Industry Ltd.,True
400,,"Wizlogics Co., Ltd.",True
401,,Sycra Technologies,True
409,,Ocean LED Marine Ltd.,True
410,,TwoGain Electronics,True
411,,ElectroTAS Soluciones Profesionales,True
415,,DaisaLed Ltd.,True
416,,Light With LED,True
417,,Yuesheng Stage Light Limited,True
418,,"Art Lighting Production, s.r.o.",True
419,,"Dongguan Yongya Technology Co., Ltd",True
420,,Custom Effects LED Solutions Inc.,True
421,,"MJ Lighting Co., Ltd.",True
422,,"Hengmei Lighting Technology Co., Ltd.",True
424,,"ZongDa Photoelectricity Science and Technology Co., Ltd.",True
425,,Shenzhen Uniview LED Ltd. Co.,True
426,,Vitec Videocom Inc.,True
427,,"Shanghai Euchips Industrial Co., Ltd.",True
428,,"DongGuan  Phcistar Optoelectronics Technology Co., Ltd.",True
431,,"Hunan Minghe Opto Tech Co., Ltd.",True
433,,Lightcare A/S,True
434,,DJSI Schinstad ANS (Northern Light),True
435,,Ricardo Dias,True
436,,Inventeq B.V.,True
437,,"Beijing Soft Rock Technology Development Co., Ltd.",True
446,,BEN-RI Electronica S.A.,True
455,,SCHIEDERWERK GmbH,True
456,,"Guangzhou JINLIN Stage Lighting Equipment Co., Ltd.",True
457,,ALPHA LITE Inc.,True
458,,CASCADE s.a.s.,True
459,DE SISTI,ILT Italy SRL,True
460,,Portman Custom Lights,True
461,,Compulite Systems (2000) LTD,True
462,,Railiks Enterprises,True
463,,SRM Technik GmbH,True
464,,"Shanghai Semping Electronics Co., Ltd.",True
465,,Yarilo Pro,True
466,,GIP Innovation Tools GmbH,True
467,AKSERA,JSC Aksera,True
468,,x-labs,True
469,,"Shenzhen Liantronics Co., Ltd",True
470,,"Argent Data Systems, Inc.",True
471,,LIMEDIA,True
472,,Daniel Large Lighting,True
473,,Lightronics Inc.,True
474,,"Guangzhou Daisy Electronic Technology Co., Ltd.",True
475,,Logen Ltd.,True
476,,LED Linear GmbH,True
477,,Photonia srl,True
478,,Guangzhou Baiyun Xinxiang Lighting Equipment Factory (XPRO LIGHT),True
479,,"GuangZhou Dream Lighting Equipment Co., Ltd.",True
480,,IBN Labs Ltd.,True
512,,Lighting Infusion LLC,True
513,,"Blinkinlabs, LLC",True
514,,Paul Heuts,True
515,,Artemide S.p.A,True
516,,LIGHTLINE Lasertechnik GmbH,True
517,,SmartShow UK,True
518,,Studio Due Light S.r.l.,True
519,,SILL LIGHTS GmbH,True
520,,"Shenzhen Yuming Vision Technology Co., Ltd.",True
521,,ER Productions,True
522,,Seebacher GmbH,True
528,,Leksa Lighting Technologies Pvt. Ltd.,True
529,,Arkaos S.A.,True
530,,Frame The Space (FTSLED),True
531,,"Huizhou visionX Technology Co., Ltd.",True
532,,Impactrum,True
538,,WizzuLED by Scooon,True
547,,"ShenZhen Focus Vision Intelligent System Co., Ltd.",True
548,,Vanguard LED Displays,True
549,,"Northern Lights Electronic Design, LLC",True
565,,"Company 235, LLC",True
578,,ABLELITE INTERNATIONAL,True
603,,Imlight-Showtechnic,True
623,,Acuity Brands Lighting Inc.,True
640,,Arrigo Lighting,True
655,,GRE Alpha Electronics Ltd.,True
672,,LLC Likhoslavl Plant of Lighting Engineering (Svetotehnika),True
673,,LLC Moscow Experimental Lighting Plant (TeleMechanic),True
674,,OJSC Kadoshkinsky electrotechnical,True
675,,Big Bang Lightning,True
676,,McNicoll Entertainment Systems,True
682,,"Jinnax Opto Technology Co., Ltd.",True
683,,Rift Labs,True
684,,PSL Electronik Sanayi ve Ticaret A.S.,True
688,,DMXControl-Projects e.V.,True
698,,"Chainzone Technology (Foshan) Co., Ltd.",True
701,,RE-Engineering,True
712,,Growflux LLC,True
713,,Theatrixx Technologies,True
714,,Acclaim Lighting,True
715,,"GVA Lighting, Inc.",True
716,,Brightix,True
720,,Winona Lighting,True
721,,Hoffmeister Leuchten GmbH,True
737,,Tait Towers Manufacturing Inc.,True
738,,CLF Lighting BV.,True
746,,d3 Technologies Ltd.,True
747,AMOLVIN RESEARCH LAB,Amolvin Research & Development Lab.,True
748,,Lutron Electronics,True
749,,OpenLX SP Ltd.,True
750,,Firma GUTKOWSKI - Gutkowski Jan,True
751,,"ABLETECH Co., Ltd.",True
752,,"iColor LED Shenzhen Co., Ltd.",True
753,,Lichtmanufaktur Berlin GmbH,True
767,,"Guangzhou Eway Stage Equipment Technology Co., Ltd.",True
770,,Swefog Technology Group AB,True
771,,"Shanghai Moons' Automation Control Co., Ltd",True
773,,"DiCon Fiberoptics, Inc.",True
774,,feno GmbH,True
775,,Ledium Kft.,True
776,,ImageCue LLC,True
778,,Shenzhen Colordreamer Tech Ltd.,True
779,,"Guangzhou Wanrui Stage Light Equipment Co., Ltd.",True
783,,"Guangzhou Litewise Lighting Equipments Co., Ltd. dba 'EK Lights'",True
785,,"Guangzhou PUGUANG Electronic Technology Co., Ltd.",True
786,,"Guangzhou Xingkong Studio Lighting Co., Ltd.",True
812,,Carallon Ltd.,True
826,,Lux Lumen,True
843,,Rosstech Signals Inc.,True
888,,KASUGA,True
911,,Strich Labs,True
913,,Alcorn McBride Inc.,True
915,,i2Systems,True
916,,Prism Projection,True
923,,Lightforce Lasertechnik,True
929,,INAREX INC.,True
930,,licht.team,True
936,,ARTFOX,True
938,,"AIGA Electronic (GuangZhou) Co., Ltd.",True
981,,eX Systems,True
982,,i-Lumen,True
1018,,ART-DMX,True
1026,,Exato,True
1028,,Luminxa,True
1041,,SoundSwitch,True
1042,,D's DMX,True
1052,,IMLIGHT,True
1060,,FLUX ECLAIRAGE,True
1088,,"Guangzhou VAS Lighting Co., Ltd.",True
1102,,"Ben Peoples Industries, LLC",True
1103,,"B2 Co., Ltd.",True
1109,,Lamp & Pencil,True
1166,,Krisledz Pte. Ltd.,True
1167,,"Grand Canyon LED Lighting System (Suzhou) Co., Ltd.",True
1190,,MEB Veranstaltungstechnik GmbH,True
1193,,Edward J. Keefe Jr.,True
1204,,SKT Inc.,True
1205,,Major,True
1206,,IntiLED,True
1208,,"Guangzhou Hongcai Stage Equipment Co., Ltd.",True
1220,,"Ephesus Lighting, Inc.",True
1239,,Targetti Sankey Spa,True
1240,,"Guangzhou Hong Yuan Electronic Technology Co., LTD.",True
1245,,"Topstriving Photoelectricity Technology Co., Ltd.",True
1264,,SIGMA NET,True
1276,,Syncrolite LLC,True
1290,,ChamSys Ltd.,True
1308,,"Ambitsel, Inc.",True
1312,,ANLC Ltd,True
1321,,OSRAM,True
1335,,TERMINAL-COM,True
1344,,"EverBrighten Co., Ltd.",True
1365,,Maresch Electronics,True
1366,,RAYSYS,True
1375,,PRO-SOLUTIONS,True
1387,,COSMOLIGHT SRL,True
1388,,Lumascape Lighting Industries,True
1395,,"JIAXING XINHUALI LIGHTING & SOUNDING CO., LTD.",True
1408,,Innovation LED  Limited,True
1414,,"K 5600, Inc.",True
1416,,GuangZhou XiangMing Light Limited,True
1426,,MIRAGE B.V.,True
1440,,Stage Smarts AB,True
1444,,IMMOLAS,True
1451,,"Shenzhen Lesan Lighting Co., Ltd.",True
1461,,Turkowski GmbH,True
1468,,CantoUSA,True
1472,,Vertigo,True
1487,,"Brighten Technology Development Co., Ltd.",True
1491,,D-LED Illumination Technologies Ltd.,True
1504,,esp_dmx,True
1506,,KORRO PLUS,True
1512,,Snap One,True
1515,,GUANGZHOU BO WEI TE LIGHTING  CO.LTD,True
1519,,"Guangzhou Chai Yi Light Co., Ltd.",True
1522,,O'Light,True
1527,,Immersive Design Studios Inc.,True
1536,,TELMIC Neo,True
1538,,"Guangzhou Jinhong Stage Lighting Equipment.Co.,ltd",True
1542,,"Guangzhou YiGuang Stage Lighting Co., Ltd.",True
1545,,Diginet Control Systems Pty Ltd,True
1546,,Kindwin Opto Electronic (ShenZhen) Co. Ltd,True
1547,,"Lighting Science Group (formerly LED Effects, Inc.)",True
1549,,"HANIL TNC  CO.,LTD",True
1564,,LEDRAYS INC,True
1570,,Lupo SRL,True
1571,,"JAS LIGHTING & SOUND CO., LTD.",True
1572,,S4 Lights,True
1579,,"CKC Lighting Co., Ltd.",True
1594,,AVM Belgium BVBA,True
1596,,LaserNet,True
1604,,"COLEDER DISPLAY CO., LTD.",True
1605,,"MATSUMURA ELECTRIC MFG. CO. , LTD.",True
1616,,"RDC, Inc. d.b.a. LynTec",True
1619,,"USAI, LLC",True
1620,,HUNAN XIANG CAIXU FILM AND TELEVISION CULTURE CO.LTD,True
1624,,"AZCOLOR LITE CO., LIMITED",True
1630,,OFilms,True
1632,,"QSTECH CO.,LTD",True
1640,,Motion FX,True
1643,,AVANT-GARDE DE STUDIO FZ LLC,True
1647,,"GUANGZHOU CY LIGHTING EQUIPMENT CO.,LTD",True
1658,,"Inster Co, Ltd",True
1660,,LOTRONIC SA,True
1666,,"Beijing Ming Rui Lighting Technology Co., Ltd.",True
1668,,LEDART LLC,True
1669,,IBL/ESD-Datentechnik GmbH,True
1671,,INSMARINE LLC,True
1678,,GUANGZHOU TEANMA STAGE LIGHTING FACTORY,True
1686,,"SHENZHEN HOION LIGHTING CO.,LTD",True
1687,,"Shenzhen LED Innovator Technology Co., Ltd",True
1688,,Techni-Lux,True
1696,,Light.Audio.Design,True
1697,,ProTec GmbH,True
1699,,RODLIGHT ALBRECHT SILBERBERGER,True
1708,,GOLVER PROJECTS S.L.,True
1710,,CANARA LIGHTING INDUSTRIES PVT LTD,True
1711,,"ZHEJIANG JINGRI TECHNOLOGY CO.,LTD",True
1715,,"NANOLUMENS, INC.",True
1718,,"GUANGDONG VSHINE LIGHTING TECHNOLOGY CO.,LTD",True
1721,,GUANGZHOU DASEN LIGHTING CORPORATION LIMITED,True
1732,,RHENAC Systems GmbH,True
1735,,L&L Luce&Light,True
1742,,American-Pro International,True
1745,,"BIRUN ELECTRONIC INDUSTRIAL CO., LTD",True
1746,,LIGHTSTAR (BEIJING) ELECTRONIC CORPORATION,True
1747,,Boerner Distribution International GmbH,True
1760,,"SHENZHEN LONGRUN OPTOELECTRONIC CO., LTD",True
1761,,Burck IT GmbH & Co. KG,True
1764,,Dydell B.V.,True
1766,,Equipson S.A.,True
1772,,SISTEMA Jsc,True
1776,,CTG sp. z o.o.,True
1777,,Aqualux Lighting,True
1784,,"CHONGQING XINYUANHUI OPTOELECTRONIC TECHNOLOGY CO.,LTD",True
1794,,Drinelec,True
1799,,Conceptinetics Technologies and Consultancy Ltd.,True
1800,,AK-LIGHT,True
1804,,Pixout SIA,True
1805,,Lumenwerx ULC,True
1807,,Theatrelight New Zealand,True
1808,,D.T.S. Illuminazione srl,True
1810,,Laser Imagineering GmbH,True
1823,,Moss LED Inc,True
1828,,PHC Lighting & BMS Sp. z o.o.,True
1835,,NEWSUBSTANCE Ltd.,True
1836,,SGM A/S,True
1837,,Sting Alleman,True
1839,,RayComposer - R. Adams,True
1842,,Galaxia Electronics,True
1844,,CPOINT,True
1851,,Corsair Technology Ltd.,True
1856,,Arkalumen,True
1861,,"Guangzhou Wingo Stage Light Co., Ltd",True
1871,,Panasonic Corporation,True
1875,,F&V Europe B.V.,True
1880,,IMPOLUX GmbH,True
1887,,LEDEngin Inc.,True
1898,,BeamZ  (Tronios B.V.),True
1910,,lumenetix,True
1915,,GENLED Brands,True
1930,DMXTOOLBOX,FATEC sarl,True
1934,,"SHENZHEN BGLOPTO TECHNOLOGY Co., LTD.",True
1938,,MY-Semi Inc.,True
1943,,ARCPROLED Limited,True
1951,,"VPS Group, LLC",True
1955,,"Guangzhou GBR PROLIGHT GROUP CO.,LTD (GBR PROLIGHT)",True
1957,,X LED Systems,True
1965,,CLS LED BV,True
1966,,A-LITE B.V.,True
1968,,ADDiCTiON BoX GbR,True
1969,,TBF-PyroTec GmbH,True
1971,,"Shenzhen Fabulux Technology Co., Ltd",True
1973,,"ARM Automation, Inc",True
1979,,"Shenzhen SOSEN Electronics Co., Ltd.",True
1982,,Sanko Device Co.Ltd.,True
1984,,Code Mercenaries GmbH,True
1986,,BOOQlight BV,True
1989,,SBS Lighting LLC,True
1990,,BK Lighting,True
1992,,Sidus Link Ltd.,True
1996,,Griven S.r.l.,True
1999,,MH-Sound,True
2001,,Made By Mouse LTD,True
2005,,"PHIDA Stage Equipment Co., Ltd",True
2006,,"Lite Puter Enterprise Co., Ltd.",True
2010,,Flytech s.r.l.,True
2024,,ROCKETSIGN Technology HK Ltd,True
2025,,"TechLink Co., Ltd.",True
2026,,Le Maitre Ltd,True
2035,,Sam Light,True
2036,,LED Flex Ltd.,True
2037,,"Shenzhen ATENTI Technologies Co., Ltd",True
2038,,Electric Distribution Systems,True
2039,,"Dakco Technologies Co., Ltd.",True
2040,,Ultimate Technology Solutions GmbH,True
2041,,Bion Technologies GmbH,True
2045,,THELIGHT Luminary for Cine and TV S.L.,True
2046,,"Shenzhen Apexls Optoelectronic Co., Ltd.",True
2047,,Guangzhou HOMEI LIGHT Manufacturer,True
2048,,Hongyeah Light,True
2049,,"Guangzhou Favolite Stage Lighting Co., Ltd.",True
2050,,AstralPool,True
2055,,"Event Lighting Pty, Ltd.",True
2056,,Cooper Lighting - Zero 88,True
2057,,mumoco GmbH,True
2058,,"Shenzhen FantaLED Electronics Co., Ltd",True
2061,,HBJ Elektronik,True
2063,,NavoLabs,True
2064,,BDS Studios,True
2065,,V-PRO,True
2066,,Yamagiwa Corporation,True
2067,,"Shenzhen Scenico Optoelectronic Co., Ltd.",True
2068,,squareV,True
2076,,MR Electronics Ltd.,True
2083,,Opito Labs GmbH,True
2084,,"Almotechnos CO.,LTD.",True
2087,,PIXREAL,True
2098,,"Shenzhen EXC-LED Technology Co.,Ltd",True
2106,,Bright Ideas Custom Electronics Inc.,True
2110,,"Guangdong Hua Chen Film & Television Stage Project Co., Ltd.",True
2111,,"Shenzhen LeiFei Lighting Technologies Co.,Ltd.",True
2112,,Shenzhen Zwich Science and Technology Co.Ltd.,True
2117,,Cush Light LLC,True
2118,,LDR - Luci della Ribalta Srl,True
2123,,Neon Circus Ltd,True
2124,,"Guangzhou Ba Lin Electronic Technology Co., Ltd.",True
2125,,Guangzhou NECO Stage Lighting Factory,True
2128,,"Proland Group, LLC",True
2129,,Junction Inc. Ltd,True
2132,,"NEC Display Solutions, Ltd.",True
2132,,"Sharp NEC Display Solutions, Ltd.",True
2133,,"GODOX Photo Equipment Co., Ltd.",True
2136,,Juno Lighting Group,True
2138,,"Guangzhou Ming Jing Stage Light Equipment Co., Ltd.",True
2139,,Tolifo (Dongguan) Photographic Equipment Co. Ltd,True
2142,,MMS Distribution Ltd,True
2143,,"Media Visions, Inc.",True
2146,,illuminous,True
2147,,XTEC Industries Pte Ltd,True
2148,,"Hangzhou Youte Power., Co. Ltd",True
2149,,Contrade GmbH,True
2150,,PAL Lighting,True
2152,,"Ushio America, Inc.",True
2153,,Club Cannon LLC,True
2154,,"Shenzhen Chip Optech Co.,LTD",True
2156,,Bafa Elektronik ve Işık Tasarımları Sanayii Ticaret LTD Sti.,True
2158,,"Guangzhou Hi-LTTE Electronics Technology Co.,Ltd",True
2159,,MARTINI RUS LLC,True
2160,,"Hunan YESTECH Optoelectronic Co., Ltd",True
2163,,"Guangzhou BKLite Stage Lighting Equipment Co.,LTD",True
2164,,Snow Professional Lighting,True
2165,,ARC Solid-State Lighting Corp.,True
2166,,Power Gems LTD,True
2167,,Skaff New Zealand Ltd,True
2168,,OTTEC Technology GmbH,True
2170,,Dextra Group Plc,True
2173,,TPV Technology Group,True
2176,,GuangZhou LiDang Technology Inc.,True
2179,,CEE Lighting Equipment Co.Ltd,True
2180,,Bright Group,True
2181,,SIRS-E,True
2182,,KLIK Systems,True
2184,,"Banglux Lighting Technology Co., Ltd.",True
2185,,"Guangzhou Shenghui Electronic Technology Co., Ltd",True
2186,,Highendled Electronics Company Limited,True
2187,,"Shenzhen Doit Vision Co., Ltd",True
2188,,"Guangzhou Yi Sheng Yuan Electronic Co.,Ltd(Esun)",True
2189,,"Guangzhou Ling Yang  lighting Science and Technology Co.,Ltd",True
2190,,"Stage One International Co., Ltd.",True
2191,,First Design System Inc.,True
2192,,"Taurus Light Co.,Limited",True
2193,,Feiner Lichttechnik GMBH,True
2194,,"DongGuan Ruishen Technology Co.,Ltd",True
2195,,Brighten LED Lighting Limited,True
2196,,"Dongguan HCP Technology Co., Ltd.",True
2202,,ADL Electronics Ltd.,True
2205,,gobo.ws,True
2209,,"Shenzhen Gloshine Technology Co., Ltd",True
2210,,"Guangzhou Gesida Light Equipment Co., Ltd.",True
2211,,"Redot Visual Effect Technologies (Shenzhen) Co., Ltd",True
2212,,Adam Hall GmbH,True
2214,,impulswerk.de,True
2215,,"GuangZhou Deliya Opto-electronic Tech Co., Ltd",True
2218,,PiXL Factory,True
2219,,Qdot Lighting Limited,True
2220,,Bushveld Labs,True
2221,,Optical Productions LLC,True
2222,,Technical Audio Group Pty Ltd,True
2223,,AAdyn Technology,True
2224,,KIM Lighting,True
2226,,MCI Group,True
2227,,Stealth Light srl,True
2229,,"ShenZhen Sunny Xiao Technology Co., Ltd.",True
2230,,Graf Lichttechnik UG,True
2233,,"Guangzhou Hua Rong Electronic Technology Co., Ltd.",True
2234,,Meteor Lighting,True
2235,,"Guangzhou CHEN Electronic Technology Co., Ltd.",True
2236,,Michael Parkin,True
2237,,Lug Light Factory Sp. z o. o.,True
2238,,"Shenzhen FloatStone Technology Co., Ltd.",True
2239,,Times Square Stage Lighting Inc.,True
2241,,Project SSSHH Incorporated,True
2243,,Guangzhou Spark Stage Equipment Co. Ltd,True
2244,,Jacek Wagner,True
2245,,EHRGEIZ Lichttechnik GmbH,True
2246,,"Guangzhou Ever Famous Electronic Co.,Ltd",True
2249,,LEDitgo Videowall Germany GmbH,True
2250,,"Foshan City Xuandao Optoelectronics Equipment Co., Ltd",True
2252,,Guangzhou Santu Stage Lighting Equipment Co.Ltd,True
2257,,"Shenzhen Leqi Network Technology Co., Ltd.",True
2259,,SVI Public Company Limited,True
2260,,Sensa-Lite Ltd.,True
2261,,Sense Effects,True
2262,,"Guangzhou Precision Vision Intelligent Equipment Co, Ltd",True
2263,,"PatternAgents, LLC",True
2264,,W.A. Benjamin Electric Co.,True
2265,,STILED,True
2266,,"PLC Intelligent Technology (Shanghai) Co., Ltd.",True
2269,,Matthew Tong,True
2272,,Red Arrow Controls,True
2273,,"Shenzhen CLT Electronics Co.,LTD",True
2275,,"Guangzhou JinZhiHui Electronic Technology Co.,Ltd.",True
2276,,LMP Lichttechnik Vertriebsgesellschaft GmbH & Co KG,True
2278,,"Shenzhen VisionMax Technology Co., Ltd",True
2279,,"3A Guangzhou Electronics Co., Ltd",True
2282,,"Changchun Cedar Electronic Technology Co.,Ltd.",True
2284,,Marvin Nadrowski,True
2285,,ShowLED,True
2286,,Spacelights,True
2287,,Guangzhou RuiYang lighting technology co. LTD.,True
2288,,"Guang Dong LMJ Lighting Co., Ltd",True
2289,,"SanDevices, LLC",True
2291,,Outdoor Lasers Ltd.,True
2292,,"MC Electronic Technology(GZ) Co., Ltd.",True
2293,,Fufeng lighting,True
2294,,"Eulum Design, LLC",True
2295,,Neotek Lighting,True
2296,,Liberal Logic Inc.,True
2297,,ACS - Ackerman Computer Sciences,True
2298,,"Phaton Lighting Co., Ltd.",True
2299,,RPA Electronic Solutions Inc.,True
2300,,Lights By Brian,True
2302,,"Zhuhai Shengchang Electronics Co., Ltd.",True
2304,,nox multimedia GmbH,True
2305,CaveLighting,GermTec GmbH & Co. KG,True
2306,,"DongGuan Betterway Lighting Co.,Ltd",True
2307,,"Shenzhen INFiLED Electronics, Ltd.",True
2308,,"Bigbear Co., Ltd.",True
2309,,Locimation Pty Ltd,True
2310,,Crystal Technica Limited,True
2312,,"Guangzhou DeLong Stage Equipment Co., Ltd.",True
2313,,"Beijing Starlight Electronics Co., Ltd.",True
2315,,StarLighting,True
2316,,GRE Alpha,True
2318,,"Sichuan esRadio Technology Co., Ltd",True
2320,,"Shenzhen Tecnon EXCO-Vision Technology Co., Ltd.",True
2321,,"Guangzhou Aceda Professional  Lighting  Co., Ltd.",True
2322,,ags - Wissenschaftliche Arbeitsgemeinschaft fur Studio- und Senderfragen,True
2323,,Guangzhou ECK Light Equipment Company Limited,True
2324,,Xenio,True
2325,,"Guangzhou Chuangfeng Photoelectric Equipment Co., Ltd.",True
2326,,"ACTOR-MATE CO., LTD.",True
2327,,Gavtronics,True
2328,,David O Smith Design,True
2329,,"Foshan Leiyuan Photoelectric Co., LTD",True
2330,,Celex LED Technology Ltd.,True
2331,,Krislite Pte. Ltd.,True
2333,,TouchPlate Technologies Inc.,True
2335,,"Yaham Recience Technology Co,. ltd.",True
2336,,Vexica Technology Limited,True
2337,,"Guangzhou mengyi stage lighting equipment co., LTD.",True
2339,,"Hangzhou Roleds Lighting System Co., Ltd.",True
2341,,"Guangzhou Aiweidy Lighting Acoustics Equipment Co.,Ltd.",True
2342,,Elumeros Lighting Limited,True
2343,,"Guangzhou Mingying Electronic Technology Co., Ltd.",True
2345,,"UPlight stage equipment(GZ) CO., Ltd.",True
2347,,"Guangzhou Lightful Stage Lighting&Sound Equipment Co,.Ltd.",True
2348,,"Guangzhou Chaoran Computer Co., Ltd.",True
2349,,LG Electronics,True
2350,,"YouEasy (Dongguan) Electronics Technology Co.,Ltd",True
2351,,Guangzhou Shinelight Stage Equipment Factory,True
2352,,jiaozuo shengguang film &equipment Co. Ltd,True
2353,,Cristal Controles,True
2354,,"GUANGZHOU BORAY ELECTRON CO.,LTD",True
2355,,Beyond Lighting WLL,True
2357,,Guangzhou Huadu District Richa Lighting Equipment Factory,True
2358,,AquaTronic,True
2359,,"Huizhou Zhonghan Electronic Technology Co., Ltd",True
2360,,"Guangzhou Vanray Lighting Equipment CO.,Ltd.",True
2361,,Edelmann Electronics,True
2362,,HDT impex s.r.o.,True
2363,,"Guangzhou Hongmingwei Stage Lighting Co., Ltd.",True
2365,,Sichuan Hushan Electric Co. Ltd,True
2367,,Guangzhou Julong Platform Lighting Equipment Factory,True
2368,,"Shenzhen CreateLED Electronics Co., Ltd",True
2369,,"Shenzen Zhuoyang Intelligent Technology Co., Ltd.",True
2373,,"Guangzhou Lin Xiang Stage Lighting Equipment CO.,LTD",True
2374,,TBE Srl,True
2376,,"Wisconsin Lighting Lab, Inc. (WiLL)",True
2377,,Shenzhen Jiuzhou Optoelectronic Technology,True
2378,,"Funovation, Inc",True
2379,,Invisua Lighting BV,True
2385,,"Guangzhou GTD Lighting Technology Co., Ltd",True
2386,,"Guangzhou Sunway Entertainment Equipment Co., Ltd.",True
2388,,Ledtop Visual Ltd.,True
2392,VDI,"Illum Technology LLC (previously Verde Designs, Inc.)",True
2393,,"Urbs Lighting, LLC",True
2394,,kLabs Research UK,True
2395,,Wuhan Zhongtian Jiaye Mechanical and Electrical Engineering Co. LTD,True
2398,,Hondel Lighting Limited,True
2399,ElabNET,Elaborated Networks GmbH,True
2400,,Fineline Solutions Ltd.,True
2402,,Finland Lighting Oy,True
2405,,Fontana Fountains,True
2407,,Arcus Licht- und Praesentationstechnik GmbH,True
2408,,"Guangzhou Beyond Lighting Co., Limited.",True
2413,,"Guangzhou Xin Yilong Stage Lighting Equipment Co., Limited",True
2415,,"Shenzhen showho technolgy co.,ltd",True
2418,,Holochrom GmbH,True
2419,,"Guangzhou Eagle Wei Photoelectric Technology Co., Ltd.",True
2420,,"Marumo Electric Co., Ltd.",True
2421,,KB Design,True
2423,,"Guangzhou HuaYong Intelligent Technology Co., Ltd.",True
2426,,Teamboyce Limited,True
2429,,Brink Electronics,True
2430,,"Guangzhou Deyi Lighting Co., Ltd.",True
2431,,RaumZeitLabor e.V.,True
2432,,Moog Animatics,True
2433,,"Luxam, Ltd.",True
2434,,AC Entertainment Products Ltd.,True
2438,,ROE Visual Co. Ltd.,True
2439,,mathertel.de,True
2441,,YeGrin Liteworks,True
2442,,"DongGuan JuYang Electric Co., Ltd",True
2443,,"Glow Motion Technologies, LLC.",True
2444,,"Shenzhen Longrich Energy Sources Technology Co., Ltd.",True
2445,,Batmink Ltd.,True
2446,,Ecosense Lighting Inc,True
2447,,Digital Sputnik Lighting,True
2448,,Stagelight Holding,True
2449,,"Guangdong Pomelo Photoelectric Equipment Co., Ltd",True
2451,,"Shenzhen Trigger digital Technology Co., LTD",True
2454,,"CCI Power Supplies, LLC",True
2455,,Star Iluminacao Computadorizada LTDA,True
2457,,Concept Smoke Systems Ltd.,True
2458,,Aixz International (S),True
2462,,LLC Lighting Technologies production,True
2464,Rnet,Rnet Lighting Technology Limited,True
2466,,Fountain People,True
2467,,"Shenzhen Lightlink Display Technology Co., Ltd",True
2469,,Prolight Concepts Ltd.,True
2474,,Rushstage Show Lighting Limited,True
2478,,Robert Juliat,True
2479,,Autotech Co.,True
2482,,"Guangzhou Hedong Electronics Co., LTD",True
2483,,Aquatique Show Int.,True
2484,,Brompton Technology Ltd.,True
2485,,XBlack Visual Products,True
2487,,inCon-trol water systems,True
2488,,Prolites S.A.L.,True
2491,,"Guangzhou Yiyi Technology Co., Ltd.",True
2493,,"Shenzhen Zhongbo Photoelectric Co., Ltd",True
2496,,"Guangzhou Rainbow Lighting Equipment CO.,LTD",True
2497,,Argetron Elektrik Elektronik Organizasyon Gida San. ve Dis Tic. Ltd. Sti.,True
2499,,Velleman nv,True
2500,,"Guangzhou XinHuang Industrial Co., Ltd.",True
2502,,Photon Manufacturing,True
2503,,ShoCobra,True
2504,,Crystal Fountains Inc.,True
2508,,Motomuto Aps,True
2513,,Environmental Lights,True
2515,,WLPS Wodielite Production Services,True
2516,,"Guangzhou Yilaiming Photoelectric Technology Co., Ltd",True
2517,,Shenzhen ImagineVision Technology Limited,True
2518,,Mittomakers,True
2519,,Unilumin Group,True
2520,,Pioneer Lighting Solutions India Pvt Ltd,True
2526,,Matthias Bauch Software,True
2537,,Starway,True
2542,,"Suzhou Pinzong Electronic Technology, CO.,Ltd",True
2552,,UberDisplays,True
2556,,deskontrol electronics,True
2561,,Star-Reach Corporation,True
2730,,AAA-LUX,True
3342,,DMX Engineering LLC,True
4370,,"Zhuhai Bincolor Electronic Technology Co., Ltd.",True
4371,,"SiliconCore Technology, Inc.",True
4608,,Seekway Technology Limited,True
4609,,PRICOM Design,True
4610,,"Ushio Lighting, Inc.",True
4611,,Movecat GmbH,True
4612,,ARES s.r.l. - Socio Unico,True
4613,,Carbon Lighting Limited,True
4614,,"Hangel Technology Co., Ltd.",True
4615,,BSK Networks GbR,True
4616,,Nuvolight GmbH & Co KG,True
4617,,Philippe Bergeron Lights,True
4618,,"Bulldog Lighting and Events, Inc.",True
4619,,Brilliant Stages Ltd.,True
4620,,Shanxi Tian Gong Sheng Optoelectronic Equipment Technology Co.,True
4626,,HPL Light Company,True
4641,,SAGITTER  - Proel,True
4642,,SM International,True
4660,,ESTA,True
4826,,Newlab S.r.l.,True
4832,,Luxlight Skandinavien AB,True
4842,,Kolberg Percussion GmbH,True
4852,,Stage Services Ltd.,True
4858,,Hollywood Rentals LLC,True
4862,,City Design S.p.A.,True
4894,,Blossom Communications Corp.,True
4919,,"Raven Systems Design, Inc.",True
4941,,VT-Control,True
4976,,Ingenieurbuero Stahlkopf,True
5038,,Smartpark Creative Solutions,True
5216,,SEIKO Epson Corporation,True
5220,,HUMAL Elektroonika OU,True
5264,,Grid Show Systems Inc.,True
5280,,"Intense Lighting, LLC",True
5292,,Zaklad Elektroniczny AGAT s.c.,True
5382,,"v2 Lighting Group, Inc.",True
5383,,LC Handels GmbH,True
5384,,TommyDMX,True
5388,,ACASS SYSTEMS LLC,True
5418,,SHOWTACLE Ltd.,True
5454,,Fire & Magic,True
5536,MCSWE,"GuangZhou MCSWE Technologies, INC",True
5538,,FEIMEX,True
5584,,Music & Lights S.r.l.,True
5658,,techKnow Design Ltd.,True
5670,,LEDsistem Teknolojileri Tic. Ltd. Sti.,True
5671,,Dynamic Visual Solutions LLC,True
5674,,Nerd's Meter,True
5776,,awaptec GmbH,True
5806,,Electrone Americas Ltd. Co.,True
5852,,Traxon Technologies Ltd.,True
5860,,"Aboutshow Color Light Co., LTD",True
5889,,ARTBOX,True
5902,SERVA,Serva Transport Systems GmbH,True
5903,,"Kezun Stage Lighting Equipment Co., Ltd.",True
5966,,Nordgas SNe-lightingsystem,True
5968,YUESHENG,Yuesheng International Limited,True
6152,,"Guangzhou Jinye Electronic Technology Co., Ltd.",True
6153,,Rotolight,True
6154,,Guangdong Longjoin Optoelectronics Technology Co. Ltd.,True
6155,,Light stream,True
6257,,Smoke Factory GmbH,True
6258,,Super-Can Industry Growing Co. Ltd.,True
6259,,"Zhongshan Wellmake Electronic Technology Co., Ltd.",True
6280,,"GUANZHOU KAVON STAGE EQUIPMENT CO., LTD.",True
6310,,Steadfast Technology,True
6400,,ADJ Products LLC,True
6456,,Solid State Luminaires,True
6552,,PLS Electronics Ltd.,True
6585,,Duralamp S.p.A.,True
6586,,"Guangzhou Xinzhijie Photoelectric Co., Ltd.",True
6587,,Panalux Ltd.,True
6588,,Newtone AS,True
6648,,"CEZOS Spolka z ograniczona odpowiedzialnoscia, sp.k.",True
6656,,LIGEO GmbH,True
6669,,Cineo Lighting,True
6678,,WADAK GmbH,True
6682,,ValDim Waterfountains Ltd.,True
6717,,Red Lighting s.r.l.,True
6906,,TMB,True
7089,,PH Lightning AB,True
7104,,ALS Stanislaw Binkiewicz,True
7110,,Studio S Music City,True
7296,Vehtec,Vehtec Tecnologia Ltda,True
7746,,SSE GmbH,True
7821,,Moda Light,True
7887,,Masiero s.r.l.,True
7896,,Antari Lighting And Effects Ltd.,True
8201,,"Zboxes Intelligent Technology (Shanghai) Co., Ltd.",True
8202,,Vault189 Pty. Ltd.,True
8209,,Gantom Lighting & Controls,True
8319,,Padura Elektronik GmbH,True
8358,,ALADIN Architekturlicht GmbH,True
8365,,AZ e-lite Pte Ltd,True
8374,,Alkalite LED Technology Corp,True
8376,,Electron SA,True
8377,,ARRI -- Arnold & Richter Cine Technik GmbH & Co. Betriebs KG,True
8378,,AusChristmasLighting,True
8379,,"Able Laser Tech Co., Ltd.",True
8380,,"Beijing Pargolite Technology Co., Ltd.",True
8381,,"Foshan Yoline Lighting Equipment Co., Ltd.",True
8382,,"Uranus Lighting Co., Ltd.",True
8383,,Guangzhou Taifeng Stage Lighting Audio Equipment Factory,True
8384,,KappaStyle Productions.,True
8385,,"BrightBeats, LLC",True
8386,,Demilight,True
8481,,"Brother,Brother & Sons Aps",True
8482,,BEGLEC NV,True
8496,,Bart van Stiphout Electronics & Software,True
8609,,Culture Crew bvba,True
8612,,CHAUVET Lighting,True
8617,,CaptSystemes,True
8627,,Coolon Pty Ltd,True
8628,,CHROMLECH,True
8629,,ChromaCove LLC,True
8712,,C.I.M.E.S. (Conception Installation Maintenance En Eclairage & Sonorisation),True
8726,,"D-Light Designs, LLC",True
8738,,D.E.F. Srl,True
8740,,DAS Integrator Pte Ltd,True
8761,,Dream Solutions Ltd.,True
8864,,EAS SYSTEMS,True
8870,,Elation Lighting Inc.,True
8873,,Engineering Solutions Inc.,True
8874,,EUTRAC - Intelligent Lighting GmbH,True
8875,,EVC,True
8889,,Etherlight,True
9015,,Focon Showtechnic,True
9138,,Gekko Technology Ltd.,True
9249,,HB-Laserkomponenten GmbH,True
9258,,Hungaroflash,True
9266,,Helvar Ltd,True
9328,,Hale Microsystems LLC,True
9379,,Lighting Innovation Group AG,True
9386,,IT Ihme,True
9472,,"RATOC Systems, Inc.",True
9473,,Xero Manufacturing Pty Limited,True
9761,,LEADER LIGHT s.r.o.,True
9762,,LDDE Vertriebs Gmbh,True
9763,,Leonh Hardware Enterprise Inc.,True
9764,,Lisys Fenyrendszer Zrt.,True
9766,,LLT Lichttechnik GmbH&CO.KG,True
9767,,"Guangzhou Megota Technology Co., Ltd.",True
9776,,Laservision,True
9778,,Lehigh Electric Products,True
9781,,LjusDesign AB,True
9782,,Lumonic Limited,True
9783,,Loxone Electronics GmbH,True
9786,,Lumenec Pty. Ltd.,True
9788,,I-Pix Digital Light Ltd.,True
9890,,MEGATECHNICS Ltd.,True
9908,,Milford Instruments Ltd.,True
10020,,Nila Inc.,True
10036,,Nixer Ltd.,True
10152,,Callegenix LLC,True
10273,,Pioneer Corporation,True
10278,,Peter Maes Technology,True
10279,,Peternet Electronics BVBA,True
10281,,PR-Electronic,True
10294,,Planungsbuero,True
10465,,MTC maintronic GmbH,True
10535,,ROAL Electronics SpA,True
10622,,Lifetime Music Academy,True
10628,,Getlux Ltd.,True
10649,,"ALL-DO INTERNATIONAL CO., LTD.",True
10657,,Sturdy Corporation,True
10665,,SRS Light Design,True
10666,,Steinigke Showtechnic GmbH,True
10674,,Selectron Bvba,True
10676,,Showtec (Highlite International B.V.),True
10679,,"Sundrax, LLC",True
10680,,Spotlight s.r.l.,True
10682,,State Automation Pty Ltd.,True
10728,,Stroytsirk LLC,True
10789,,Thorn Lighting Limited,True
10790,,Toni Maroni Gmb,True
10923,,Urban Visuals & Effects Ltd.,True
11048,,Visual Productions,True
11049,,MaNima Technologies BV,True
11170,,WERPAX bvba,True
11177,,"The White Rabbit Company, Inc.",True
11188,,Williams Electronic Design Ltd.,True
11290,,DMX4ALL GmbH,True
11306,,XTBA,True
11488,,Lighting Services Inc.,True
11720,,Stellascapes,True
11741,,Waylight,True
11742,,"Luminlite Electronics Co., Ltd.",True
11743,,Carpetlight GmbH,True
12288,,PushingPixels,True
12289,,"Elemental LED, Inc.",True
12290,,Siberian Lighting,True
12291,,ChamSix,True
12853,,de koster Special Effects,True
13105,,DMG Lumiere,True
13106,,Teclumen s.r.l.,True
13107,,"NightStarry Electronics Co., LTD.",True
13192,,Macostar International Ltd.,True
13364,,"Global Design Solutions, Ltd.",True
13620,,"Five4, LLC",True
13621,,Changsha Spark Technology Electronics Ltd.,True
13622,,"Cindy Professional Lighting Co., Ltd.",True
13623,,Novacorp Inc.,True
13853,,Lumishore Ltd. UK,True
13880,,Lumenpulse Lighting Inc.,True
14288,,Boogy Brothers Showequipment,True
14295,,Lichttechnik & Sonderbau,True
14301,,Sehr gute GmbH,True
14341,,"Yifeng Lighting Co., Ltd.",True
14342,,ACME EFFECTS LTD.,True
14440,,"LanBolight Technology Co., LTD.",True
14472,,"Fly Dragon Lighting Equipment Co.,ltd",True
14474,,Guangzhou Yajiang (Yagang - Silver Star) Photoelectric Equipment Ltd.,True
14903,,TheOlymp - Networking & InterNet Services,True
15100,,Black Tank Engineering,True
15120,,NXP Semiconductors B.V.,True
15240,,"Shenzhen Eastar Electronic Co., Ltd.",True
15664,,zactrack Lighting Technologies Gmbh,True
16397,,Quasar Science LLC,True
16465,,"SAN JACK ANALOG HOUSE CO., LTD.",True
16689,,Altman Stage Lighting,True
16705,,"AVAB America, Inc.",True
16706,,"Filmgear, Inc.",True
16707,,AC Lasers,True
16708,,ADB - TTV Technologies nv,True
16709,,ADE ELETTRONICA srl,True
16710,,AUS FX,True
16713,,"Anidea Engineering, Inc.",True
16716,,Artistic Licence Engineering Ltd.,True
16717,,Amptown Lichttechnik GmbH,True
16718,,Anytronics Ltd.,True
16720,,Apogee Lighting,True
16721,,"Aquarii, Inc.",True
16723,,Audio Scene,True
16724,,Arnold Tang Productions,True
16726,,Audio Visual Devices P/L,True
16740,,Adelto Industries Ltd.,True
16748,,Alenco BV,True
16754,,ARNOLD LICHTTECHNIK,True
16755,,Astera LED Technology GmbH,True
16761,,AYRTON,True
16961,,BECKHOFF Automation GmbH,True
16963,,Bill Coghill Company : Bill Coghill Design,True
16965,,Bytecraft Entertainment Pty Ltd,True
16975,,BOTEX,True
16979,,Barco,True
17058,,"Birket Engineering, Inc.",True
17185,,Design Partners of Canada,True
17220,,CDCA Ltd.,True
17223,,CAST Software,True
17225,,C.I.Tronics Lighting Designers Ltda,True
17227,,Color Kinetics Inc.,True
17228,,Crealux GmbH & Co. KG,True
17229,,Coemar Spa,True
17231,,Cortex Design,True
17232,,CLAY PAKY S.p.A,True
17235,,Capricorn Software,True
17236,,"City Theatrical, Inc.",True
17240,,Connex GmbH,True
17257,,Cinetix Medien u. Interface GmbH,True
17263,,CODEM MUSIC S.r.l.,True
17473,,DIGITAL ART SYSTEM,True
17474,,ELETTROLAB S.r.l.,True
17475,,Claudio Dal Cero Engineering,True
17476,,D.O.M.  Datenverarbeitung GmbH,True
17477,,Dezelectric Kft.,True
17478,,"Doug Fleenor Design, Inc.",True
17481,,"Durand Interstellar, Inc.",True
17484,,"Dove Lighting Systems, Inc.",True
17485,,Digimedia Multimedia Lighting Solutions,True
17486,,DALCNET SRL,True
17488,,DMXPROFI.EU GmbH i.G.,True
17491,,"Guangzhou Desheng Lighting Industrial Co., Ltd.",True
17494,,Devantech Ltd.,True
17510,,DF elettronica s.r.l.,True
17513,,Diamante Lighting Srl,True
17516,,"Guangdong Delos Lighting Industrial Co.,Ltd.",True
17715,,"LEDdynamics, Inc.",True
17722,,E:cue  Control GmbH,True
17729,ENGARTS,Engineering Arts,True
17731,,EC Elettronica Srl,True
17732,,Electronics Diversified LLC,True
17733,,EastSun Technology Co. Ltd.,True
17740,,Ingenieurbuero fuer Nachrichtentechnik in der Studio und Veranstaltungstechnik,True
17741,,"ELM Video Technology, Inc.",True
17742,,ENTTEC Pty Ltd,True
17746,,EREA,True
17747,,ERAL srl,True
17748,,Entertainment Technology,True
17763,,Les Eclairages Lou Inc.,True
17772,,Element Labs Inc.,True
17969,,OKEROAB AB,True
17996,,Flashlight/Ampco Holding,True
18003,,IT & Eventtechnik Fabian Stumpf,True
18006,,Flexvisual,True
18008,,MAGIC FX B.V.,True
18040,,Global Special Effects,True
18244,,Goddard Design Co.,True
18245,,GPE srl,True
18247,,G&G LED Lighting,True
18252,,G-LEC Europe GmbH,True
18256,,DES,True
18259,,"Guangzhou Haoyang Electronic Co., Ltd.",True
18284,,General Luminaire (Shanghai) Ltd.,True
18432,,VOD VISUAL.CO. (UK) Ltd.,True
18433,,Capture Visualisation AB,True
18499,,Horizon Control Inc.,True
18500,,HxDx,True
18501,,Howard Eaton Lighting Ltd.,True
18508,,HBE Lighting Systems,True
18511,,Hollywood Controls Inc.,True
18518,,Enfis Ltd,True
18561,,Rena Electronica B.V.,True
18753,,inoage GmbH,True
18754,,IBEX UK Limited,True
18756,,Ingham Designs,True
18757,,Insta Elektro GmbH,True
18759,,IGuzzini illuminazione spa,True
18760,,Ice House Productions,True
18764,,I-Lum,True
18766,,"Interactive Technologies, Inc.",True
18768,,"Interesting Products, Inc.",True
18769,,IQAir AG,True
18770,,Invisible Rival Incorporated,True
18771,,Integrated System Technologies Ltd.,True
18772,,"Integrated Theatre, Inc.",True
18803,,Innovation Solutions Ltd.,True
18993,,Joshua 1 Systems Inc.,True
19009,,JANUS srl,True
19010,,JB-lighting GmbH,True
19016,,James Harris,True
19020,,Johnsson Lighting Technologies AB,True
19027,,JSC 'MFG',True
19028,,James Thomas Engineering,True
19041,,Jands Pty Ltd.,True
19148,,RVL techniek,True
19200,,Gabor Galyas Lighting,True
19266,,KissBox,True
19267,,"TmTech Electronic Co.,Ltd.",True
19270,,"Kino Flo, Inc.",True
19276,,KLH Electronics PLC,True
19277,,KMX Inc.,True
19285,,"kuwatec, Inc.",True
19488,,LAM32 srl,True
19521,,LaserAnimation Sollinger GmbH,True
19524,,LVDIAN PHOTOELECTRIC SCIENCE TECHNOLOGY LIMITED,True
19525,,"Leviton Manufacturing Co., Inc.",True
19527,,LightGeist Ltd.,True
19532,,LUMINEX Lighting Control Equipment bvba,True
19533,,Ultratec Special Effects,True
19536,,LightProcessor Ltd,True
19538,,High End Systems Inc.,True
19539,,"Licht-, Steuer- und Schaltanlagenbau GmbH (LSS GmbH)",True
19540,,Licht-Technik,True
19541,,LumenRadio AB,True
19542,,LEDValley Technologies Sdn Bhd,True
19543,,LightWild LC,True
19544,,Lex Products Corp.,True
19545,,Laser Technology Ltd.,True
19546,,"LightMinded Industries, Inc.",True
19546,,Sumolight GmbH,True
19547,,"LightLife, Gesellschaft fur audiovisuelle Erlebnisse mbH",True
19556,,LED Team,True
19557,,Legargeant and Associates,True
19561,,LIGHTOLIER,True
19564,,Lampo Lighting Designers,True
19571,,LSC Lighting Systems (Aust) Pty. Ltd.,True
19676,,acdc LED Ltd.,True
19685,,LED Company s.r.o.,True
19777,,MA Lighting Technology GmbH,True
19778,,LAN Systems--Midibox project,True
19780,,Les Generateurs de brouillard MDG Fog Generators Ltd.,True
19788,,Mode Lighting (UK) Ltd.,True
19792,,Martin Professional A/S,True
19796,,medien technik cords,True
19798,,Avolites Ltd.,True
19800,,MX design,True
19802,,Covert Science GmbH,True
19809,,MARTINI S.p.A.,True
19831,,Mueller Elektronik,True
20033,,Company NA,True
20042,,NJD Electronics,True
20044,,NOVALIGHT S.r.l.,True
20055,,AIM Northwest,True
20073,,Niko,True
20289,,Oase GmbH,True
20291,,Offstage Controls (formerly Obsidian Control),True
20300,,DDS Elettronica,True
20341,,Outsight Pty Ltd.,True
20480,,http://www.orangepi-dmx.org,True
20481,,Hua Yuan Ke Tai,True
20482,,"Shanghai Shylon Optoelectronic Technology Co., Ltd.",True
20483,,"Futlight Optoelectronics Co.,Ltd.",True
20484,,"Shanghai Sansi Electronic Engineering Co.,Ltd",True
20485,,MEDIAM Ltd. (Modus brand),True
20486,,ENEDO Power SpA,True
20487,,Alfalite,True
20488,CYT,"Chengdu Chengyu Electronic Technology Co., Ltd.",True
20489,,"Izzro Optoelectronics Technology Co., Ltd.",True
20490,,AU Optronics Corporation (AUO),True
20491,,WebKat Eletronic's,True
20492,,L.E.C. Societe Lyonnaise D' Equipement Et De Controle,True
20496,,"Shenzhen Viye Technology Co., Ltd.",True
20497,,"Guangzhou Skydance Co., Ltd.",True
20503,,American Lighting,True
20544,,Guangzhou Color Imagination LED Lighting Ltd.,True
20545,,Philips Entertainment Lighting Asia,True
20547,,Pathway Connectivity Inc.,True
20556,,Peperoni Lighting-Solutions,True
20557,,Peter Meyer Project Management Adviser GmbH,True
20558,,Uni-Bright nv,True
20560,,Newton Engineering and Design Group LLC,True
20561,,"PDQ Manufacturing, Inc",True
20562,,Production Resource Group,True
20563,,Philips Selecon,True
20568,,PXM s.c.,True
20578,,"LED, Inc.",True
20581,,Peradise,True
20582,,Pfannenberg GmbH,True
20584,,Philips Lighting BV,True
20592,,Show Light Oy,True
20593,,Raindrop-Media,True
20594,,ARRI Rental Deutschland GmbH,True
20597,,Pulsar Light of Cambridge Ltd.,True
20633,,Altec Di Gregorio Andrea,True
20736,,Luxibel,True
20737,,LBT Electronics Pvt. Ltd.,True
20738,,INDATA d.o.o.,True
20781,,DJPOWER ELECTRONIC STAGE LIGHTING FIXTURE FACTORY (GUANGZHOU),True
20809,,JAP Optoelectronic Ltd.,True
20813,,QMAXZ lighting,True
20819,,"QuickSilver Controls, Inc.",True
20840,,"Shenzhen Sunricher Technology Co.,Ltd.",True
20844,,Quicklights,True
20951,,Innovative Dimmers LLC (Ratpac dimmers),True
20952,,"Amperor Electronics (Shenzhen) Co., Ltd.",True
20992,,"Shenzhen Aotian Technology Co. , Ltd.",True
20993,,"Crestron Electronics, Inc.",True
20994,,"Shenzhen Lianjin Photoelectricity Co., Ltd.",True
21060,,Revolution Display,True
21068,,Radical Lighting Ltd.,True
21069,,RUIZ TECH,True
21070,,RNC Systems Inc.,True
21072,,RootPath Ltd.,True
21074,,RoscoLab Ltd.,True
21075,,Robe Show Lighting s.r.o.,True
21313,,Stage Technologies Limited,True
21314,,Industrias Sola Basic S.A. de C.V.,True
21315,,Ocean Thin Films Inc.,True
21316,,Stardraw.com Ltd.,True
21317,,Selador,True
21318,,"Synthe FX, LLC",True
21319,,SGM Technology For Lighting SPA,True
21320,,Schreder,True
21321,,Soundsculpture Incorporated,True
21322,,SAS Productions,True
21323,,SK-Software,True
21324,,SOUNDLIGHT,True
21326,,Sand Network Systems,True
21331,,Sean Sill,True
21332,,Stagetronics Ltda,True
21333,,Lochmun Ltd.,True
21334,,OOO SAMLIGHT,True
21347,,SpaceCannon vH,True
21352,,ShowCAD Control Systems Ltd.,True
21356,,StageLine Electronic,True
21360,,Chroma-Q,True
21364,,STG-Beikirch Industrieelektronik + Sicherheitstechnik GmbH & Co. KG,True
21366,,SV-wtu eU,True
21367,,SWISSON AG,True
21369,,Singularity (UK) Ltd.,True
21416,,Simon Tech,True
21553,,AUTOLUX Handels- und ProduktionsgmbH,True
21569,,TecArt Lighting,True
21572,,Technographic Displays Ltd.,True
21573,,TESI Elettronica srl,True
21580,,Tempest Lighting Inc.,True
21587,,"TalentStorm Enterprises, Inc.",True
21588,,"TamaTech Labo Company Ltd,",True
21593,,TDE-Lighttech B.V.,True
21840,,UP-LUX Eletronica Ltda.,True
21845,,Martin Sukale Medientechnik GbR,True
21930,,Emilum GmbH,True
22092,,"Vari-Lite, Inc.",True
22097,,Vision Quest Lighting Inc.,True
22098,,Megapixel Visual Reality,True
22099,,Viso Systems Aps,True
22101,,"Shenzhen CAS VU Technologies Co., Ltd.",True
22340,,W-DEV,True
22342,,"Wildfire, Inc.",True
22343,,Wenger / JR Clancy,True
22355,,Wireless Solution Sweden AB,True
22356,,LIGHTMAN (Interlite AB),True
22361,,"Wybron, Inc.",True
22604,,X-Laser,True
22605,,Xtraordinary Musical Accolade Systems,True
22616,,Illuminance Technologies,True
22629,,XENON ARCHITECTURAL LIGHTING,True
22636,,"Eurolumen (Shanghai) Lighting Co., LTD",True
22637,,www.doityourselfchristmas.com hobbyists,True
22664,,"Plsao Optoelectronics Technology Co., Ltd.",True
23123,,Zingerli Show Engineering,True
23616,,OXO,True
23808,,L1 Inc.,True
23809,MTS,MTS Medientechnik GmbH,True
23810,,Underwater Lights Limited,True
23980,,Mediatec Group,True
24157,,Multisenses GmbH,True
24158,,Converging Systems Inc.,True
24832,,Krobox Sdn Bhd,True
24842,,Visenge Pty. Ltd,True
24867,,CMYLight (S) Pte. Ltd.,True
24868,,Fiilex,True
24908,,Alektra AB,True
24916,,Advatek Lighting,True
24932,,AVID Labs,True
24940,,Advanced Lighting Systems,True
25088,,LUCITAG Ltd.,True
25089,,"NuDelta Digital, LLC",True
25090,,ESCO Sp. z o.o.,True
25091,,Flektor,True
25092,,"Shenzhen Absen Optoelectronic Co., Ltd",True
25093,,"Zhuhai Ltech Technology Co., Ltd.",True
25094,,"Lighting Innovation Company, LLC",True
25203,,B&S Elektronische Geräte GmbH,True
25410,,Mega Systems Inc.,True
25444,,CDS advanced technology bv,True
25626,,Heliospectra AB,True
25676,,bdL KG,True
25697,,Digilin Australia,True
25700,,Dangeross Design,True
25708,,dilitronics GmbH,True
25711,,eldoLED BV,True
25785,FINELITE,"Finelite, Inc.",True
25922,,eBrain GmbH,True
25923,,LES-TV Ltd.,True
25927,,euroGenie,True
25939,,EtherShow,True
25941,,Shantea Controls,True
25957,,Stratus Systems LLC,True
25964,,ELC lighting,True
25971,,Environmental Lighting Solutions,True
25972,,"Electronic Theatre Controls, Inc.",True
25974,,eventa Aktiengesellschaft,True
26112,,WANTS Electronics Co. Ltd.,True
26180,,Sunlab Technologies S.L.,True
26221,,MAD-Effects,True
26227,,Freescale Semiconductor U.K. Ltd.,True
26454,,"Lumisia Co., Ltd.",True
26476,,GLP German Light Products GmbH,True
26608,,Toshiba Lighting & Technology Corporation,True
26646,,"ChamberPlus Co., Ltd",True
26724,,James Embedded Systems Engineering (JESE Ltd),True
26725,,"Hubbell Entertainment, Inc.",True
26732,,HERA LED,True
26956,,iLight Technologies Inc,True
26985,,Better Way Lighting,True
26996,,Ittermann electronic GmbH,True
27242,,Roxx GmbH,True
27243,,JPK Systems Limited,True
27492,,Key Delfin,True
27497,,Magical Fountain SA de CV (Magic Fountain),True
27626,,Remoticom BV,True
27629,,"Planar Systems, Inc.",True
27630,,Ephesus Lighting,True
27631,,Shenzhen Ifountain Technology Ltd.,True
27757,,Zumtobel Lighting GmbH,True
27768,,Claude Heintz Design,True
27794,,Ambra Elettronica s.r.l.,True
28001,,MAL Effekt-Technik GmbH,True
28002,,MBN GmbH,True
28003,,Sein & Schein GmbH,True
28160,,"LEDeco solution, s.r.o.",True
28416,,Guangzhou Huaying Stage Lighting Equipment Co. Ltd.,True
28417,,DAVAI!JPL,True
28418,,hazebase (Uta Raabe e.K.),True
28650,,Lumina Visual Productions,True
28651,,Insight Lighting,True
28652,,Arc Lighting Co. Ltd.,True
28653,,Explorentis,True
28672,,"Nippon Ceramic Co., Ltd.",True
28682,,"Guangzhou Leemc Lighting Tech., Co., Ltd.",True
28683,,Vice Lighting DWC LLC,True
28776,,Pharos Architectural Controls,True
28784,,SBT GmbH,True
28786,,Pr-Lighting Ltd.,True
28792,,PixelRange Inc.,True
28912,,"Pangolin Laser Systems, Inc.",True
29009,,"The Light Source, Inc.",True
29539,,Sean Christopher FX,True
29541,,Ballantyne Strong Inc.,True
29548,,Strand Lighting Ltd.,True
29696,,Danalux,True
29697,,Harvatek Corporation,True
29698,,Chris Kallas,True
29699,,Yenrich Technology Corporation,True
30564,,WET,True
30565,,MKT engineering GmbH & Co. KG,True
30583,,Develtron A/S,True
30600,,DigitaLicht AG,True
30734,,Mole-Richardson Co.,True
30778,,Audiolux Devices LLC,True
30828,,XLN-t bvba,True
30856,,"Tontron Photoelectric Co., Limited",True
30900,,LED Flex Limited,True
30976,,"Leprecon / CAE, Inc.",True
31164,,DC Reactive,True
31344,,Open Lighting,True
31392,,Anaren Inc.,True
31402,,WEAD (Wagner Electronic and Design),True
31403,,"Hyundai Fomex Co., Ltd.",True
31515,,DimLight Ltd.,True
32000,,expanseElectronics,True
32097,,HMB|TEC GmbH,True
32231,,"Guangzhou ILightings Equipment Co., Ltd.",True
32232,,"Shenzhen LAMP Technology Co., Ltd.",True
32234,,RobLight A/S,True
32235,,Krypton,True
32238,,zencontrol Pty Ltd,True
32487,,Arthur Digital Solutions Kft,True
32488,,"Guangzhou Yingfeng Lighting Equipment Co., Ltd.",True
32489,,Technology Kitchen,True
32490,,Cartwright Engineering,True
32491,,mylaserpage,True
32492,,SHENZHEN LP Display,True
32493,,Look Solutions GmbH & Co. KG,True
32494,,"General Lighting Electronic Co., Ltd.",True
32495,,"Huizhou Mounteck Technology Co., Ltd.",True
32752,,RESERVED FOR PROTOTYPING/EXPERIMENTAL USE ONLY,True
32753,,RESERVED FOR PROTOTYPING/EXPERIMENTAL USE ONLY,True
32754,,RESERVED FOR PROTOTYPING/EXPERIMENTAL USE ONLY,True
32755,,RESERVED FOR PROTOTYPING/EXPERIMENTAL USE ONLY,True
32756,,RESERVED FOR PROTOTYPING/EXPERIMENTAL USE ONLY,True
32757,,RESERVED FOR PROTOTYPING/EXPERIMENTAL USE ONLY,True
32758,,RESERVED FOR PROTOTYPING/EXPERIMENTAL USE ONLY,True
32759,,RESERVED FOR PROTOTYPING/EXPERIMENTAL USE ONLY,True
32760,,RESERVED FOR PROTOTYPING/EXPERIMENTAL USE ONLY,True
32761,,RESERVED FOR PROTOTYPING/EXPERIMENTAL USE ONLY,True
32762,,RESERVED FOR PROTOTYPING/EXPERIMENTAL USE ONLY,True
32763,,RESERVED FOR PROTOTYPING/EXPERIMENTAL USE ONLY,True
32764,,RESERVED FOR PROTOTYPING/EXPERIMENTAL USE ONLY,True
32765,,RESERVED FOR PROTOTYPING/EXPERIMENTAL USE ONLY,True
32766,,RESERVED FOR PROTOTYPING/EXPERIMENTAL USE ONLY,True
32767,,RESERVED FOR PROTOTYPING/EXPERIMENTAL USE ONLY,True
65535,,ESTA,True
